评分维度,权重%,评分(1-10),加权分,数据来源/工具,判断标准(满分参照)
市场需求(近90天趋势),15,,,蝉妈妈/生意参谋/Google Trends,销量连续上升或搜索指数稳步增长
竞争强度(蓝海度),15,,,工具类目榜+手搜平台,月销Top10里无绝对垄断、有新链接仍能出单
利润空间,15,,,利润核算表,核价净利率≥35%(内容)/25%(货架)
供应链可得性,10,,,1688搜索+拿样,≥3家可比价、支持一件代发、拿样质量过关
物流适配性,10,,,称重+报价,<500g、不易碎、非带电非敏感(跨境尤为重要)
内容表现潜力,10,,,想象短视频3秒开场,可视性强、有痛点演示/对比效果/开箱惊喜
差异化空间,8,,,竞品评论差评分析,能从差评中提炼至少1个可落地的改进点
合规风险,8,,,平台禁限售目录+专利检索,无认证硬门槛、无外观专利风险、非品牌仿冒
复购/连带潜力,5,,,类目属性判断,消耗品或可连带搭配销售
季节稳定性,4,,,往年同期曲线,非一次性节日品(新手别碰季节囤货)
合计,100,,,,总分<60放弃；60-75观察；>75进测款
